r,th
0.022285642177237497,0.5935580682103881
0.6966635508679623,0.07155855481644477
0.26690794030404563,5.534205570765092
0.8364234555789902,2.362580088340576
0.891465916336039,3.759030944367366
0.5006500599465192,0.7757727403588544
0.28148548555443753,4.801432660167259
0.04240802531589338,2.8587195216188426
0.8372086401442199,3.0624025870933935
0.5231486997400346,5.779402223531535
0.9240476268436657,1.8356574887115467
0.8690814044049773,3.3240091188736014
0.6967992134442526,0.5064623209382411
0.312520100145264,6.179832778673106
0.14216090794823766,5.747868848416503
0.40457280874952095,0.39576119696025797
0.025998658972748778,4.763709711933552
0.30550455976033186,0.5331504484030583
0.0229531256267137,2.9393545611063314
0.9436507857340679,0.8033975749220138
0.3325692288153025,2.079834416178912
0.03087222516635102,3.8379291108810842
0.4927708642161046,3.0845658538042704
0.6647623576406675,0.48423155703423243
0.9770242743935583,0.6209270023055307
0.7707531721783049,0.6683437352598108
0.20852874168910052,0.9271655252825287
0.3731252216107763,5.86667931592991
0.6475972339143286,3.0019586092849937
0.355164439302345,1.531751781807539
0.8217644124543712,5.992343143302539
0.970282350198795,0.302789449973699
0.725081038063933,5.809627824430719
0.12497062914010337,5.995912736087888
0.057028155723141793,0.7841898430250683
0.10579895591355681,0.9528614128568312
0.8418437832383603,2.59997512799655
0.028707089937908714,4.6249088214158505
0.20520652081720137,4.980558042472957
0.45963240163483154,6.2544988872981335
0.38957739981314876,5.725484944513182
0.47254514352132326,6.166030618839074
0.9350612199612874,4.329735237444548
0.6448364645057253,0.12506351623773815
0.172869423002321,6.148255605661396
0.13461294715934535,0.9939809094034274
0.15300954633215846,3.7003490102882406
0.48817878906207857,1.3136492220647753
0.8963149965191991,3.1566156384310156
0.2093217262760707,4.583888059560642
0.6448268068559011,4.128783163414782
0.3469498502873789,3.535995281562257
0.34878555518042365,5.730163636753231
0.16111176105211655,3.7491546910050366
0.0809978566858015,5.684627615203435
0.2815675149195095,5.896240368792286
0.6437478482960614,5.613375776225457
0.9925913974023763,3.4014511334876425
0.47901077843305806,5.917769714893713
0.1912433729017653,5.546614200779514
0.6473480667680439,2.739921301008492
0.8039899514400374,0.8404720499108774
0.9003074125299195,4.542287998225694
0.8536929361222947,5.813846692336401
0.23592106181977424,2.9289936076759733
0.3121130696544022,3.6479176358268166
0.9526480683317845,1.1952675253711413
0.614389183175695,3.461639259081182
0.3101729371023382,4.949166884550231
0.2512510685604462,3.4905302810718033
0.34972380918350354,5.016931723858679
0.5364478250345043,1.7843929360654651
0.9368991573211156,1.7620498993696654
0.40958854150454804,1.5977587354899816
0.2708594079483053,5.53294290446077
0.15086302181978384,4.906945966484083
0.6037972924744355,1.7557122520205353
0.2242547372660182,5.6572546560617685
0.7406705073060751,5.882305436969802
0.5210379890846776,0.1476395188024434
0.962367926202968,0.34126983570664343
0.058554024244532044,3.372930230988868
0.16752912624109062,1.4921817255891952
0.38529176430545675,1.536221933638951
0.3730177413939346,2.6961535173062763
0.002331540027141532,0.7490135893500396
0.20048364303570598,5.853866282582975
0.9090738951120879,2.7622412160517555
0.5202905592150592,1.7273410161823122
0.45990570117748364,0.8912538306273479
0.39352419359994506,2.7321982309443444
0.44827854939653955,0.8241550327249348
0.8347660660450573,1.9363872554144137
0.9474347078879319,4.214196224267684
0.6810569156899061,3.797511893830772
0.890699363907978,1.0215253480702138
0.1654641670862701,3.5646705474795572
0.8080282876144093,2.557811166222294
0.19171562295588795,4.6209793206563985
0.6697609001610364,1.2280662228238732
0.2476780954308876,2.057174945212322
0.8368086099643064,5.786860569114061
0.730546268448938,2.9329348403033784
0.8120120436608609,4.461287200914377
0.17708024724513494,3.039269026646164
0.5362054460841011,3.9731491871082087
0.114221652836059,2.1450413041585326
0.37873324224702865,0.37165686579985513
0.17622143690236558,3.33994434870188
0.48160426973299353,5.914103234863574
0.9920072134135973,1.0349494043857577
0.5194886047036867,0.08254983493519427
0.6004898928274985,2.770082130843101
0.21456705192893422,0.9976270186989751
0.8073488082806518,0.7130168601436515
0.011456201868514704,4.190436212863445
0.16764600640562644,1.4905011351106647
0.824783889917919,2.7958673391468274
0.044650729078025364,3.248697588853764
0.1614352051948018,3.8370905395511197
0.26767096028054127,2.4349290308670932
0.4966085632841808,6.177204286060468
0.15084219837278534,4.916346427883141
0.39204760977907926,4.062934040973733
0.6535851770489244,3.030466230376449
0.14852978569260133,3.762342960928868
0.6968201808646366,5.1851825891625
0.7856652823547632,1.3235977438019593
0.37086233133372537,3.343922474375815
0.7403054889803898,5.2432349484954734
0.437597411764831,2.6539085751886877
0.05073364160125349,0.6430882618079259
0.3904149309361956,4.873719254141624
0.9280476611342404,3.556100410650775
0.48345370282595335,6.011461524666404
0.250989916040833,6.143680694240084
0.6904941072206525,0.37053160508725946
0.3114729999659125,2.5578206708542934
0.46316481205902105,0.19430000107005388
0.8566639261113699,4.009523184704026
0.108048512716576,0.10984264342392673
0.13877316180531574,5.484671318692466
0.4269972677060685,5.315509031888958
0.5851742824664635,0.6440006520883409
0.9647681642091827,1.1429435324320971
0.04466187171623526,2.606392644460014
0.3571767207976253,5.235428038684305
0.8484103499057192,1.3369456331903402
0.7660626315899628,4.847423399326654
0.11399144489016311,5.748094502181306
0.8347160151312263,5.02328685488472
0.20387561748606753,3.6033712160728433
0.2494931127744756,0.012393837411461764
0.40071756715821627,2.415945305102119
0.716831615531878,2.923658074998663
0.23995964320930774,0.18797795735220077
0.5667287270491836,1.461284103173008
0.2412832449314758,5.570833112936641
0.6375192559562933,4.9033579858250995
0.23063298309809066,5.68612135330941
0.01839613233593218,1.8941640992601139
0.700607703774149,2.081110401642514
0.15333681784764375,4.318147205000795
0.9646528162796901,5.374795955724981
0.15321249262059355,0.6619384472040324
0.1910136578522167,0.3229919285430885
0.9052783096449145,1.9422099836561906
0.5009071620183942,3.087931397996197
0.4965970137644242,6.273983109135012
0.25709940196816017,1.0825246391765493
0.9274185870400978,0.5174910419095713
0.6531053314753549,5.675852433234885
0.5541966905314056,0.5389754775649447
0.045364383636510075,2.4130159929360033
0.44195135150676934,1.8324893302437437
0.7076036992450925,1.5857581972352
0.8467713387283126,4.531583815660757
0.8866652140375758,1.7670813878574338
0.22659870484138966,5.497033984957046
0.663685056715557,6.196616684552021
0.07566266071667915,3.443967487146677
0.41093304315823753,4.550840049551804
0.4756611269969878,0.23191700646930521
0.9590527448536402,1.38578714613523
0.4219144249596345,1.4494068318586966
0.5248720619729587,0.9118578319234155
0.058251754440989956,4.153713140805869
0.8936215173402303,4.334476180930351
0.07600861428809902,2.1343066307495056
0.7395193845972626,1.096585160972716
0.8764806322819625,2.9326628666454595
0.03718885604937705,5.504180166245863
0.9703900215493904,3.803272697839251
0.2972089387833059,0.3574363271298605
0.04536678538029926,4.190930532203884
0.6389498152363593,0.20283896826305986
0.3894530669377043,5.781185378003995
0.9662646232765956,1.0640727648282287
0.3541054285411037,3.524209317372361
0.8458216424223995,5.074528958557262
0.5714408945721311,5.229243510411916
0.2752569674321852,5.0533845540336255
0.5068178808431965,0.28740620371120035
0.44575705519893205,5.826920279000904
0.051584815979974885,2.5780233145216673
0.2628051646409001,0.5773651237422857
0.43303368077769844,2.3334562240338155
0.8216602802045616,1.1094141227599226
0.8260811945391058,2.971443110775121
0.2838132430371201,4.10213826115124
0.2827594844538116,2.2680528753134963
0.8059756092037526,4.007129455077507
0.690706477908743,5.424509658959734
0.6110542061330426,5.1763974123706396
0.09412846585271573,2.339863008156499
0.8969794357059828,1.48777532801052
0.9993990827727834,4.620099593906801
0.9369954482419426,2.5248414852235115
0.7427894665013364,0.5914671633700869
0.40717297977379474,1.8723531008190442
0.17834913310013834,4.4410728498309835
0.5718305659233827,5.178991958581718
0.6941015228083101,4.294263743229853
0.42954875150168226,4.001081351610739
0.6155817176946371,5.738731144042861
0.002082873999607604,3.6862849218581397
0.9741146040429868,2.9359089152888638
0.6400736885430337,0.3289301790513126
0.30220481266925736,5.698323365412146
0.5443942044710094,1.2136405630786937
0.37298811756127503,5.04184496581945
0.14246127627972993,1.7597016018992813
0.8781047878518502,0.34372531086995295
0.011737588747772754,2.510718441756005
0.743607143289966,4.409765690059411
0.7058617679316496,1.4242450259521573
0.8558791287380916,2.796199586064183
0.38319847368435256,6.256356032361429
0.2828027105571491,5.197707237470027
0.8178478644292958,5.602507731150434
0.9218934923418504,3.420426003896669
0.7111178619467927,5.592521897209865
0.07130771951923742,2.2042333088174604
0.07509882962317915,4.563105431915463
0.10079726845071546,2.6182709022478496
0.016932642976567158,4.929462176937228
0.8653255359469452,6.0156578725687675
0.7830758220243585,5.758911273755977
0.7969782689137473,0.0636699026120325
0.8901133299044527,1.9207885045622886
0.26084756149517496,0.8665682651510807
0.6418875158602516,4.493005611644006
0.9006431384649156,5.343126745597466
0.2869202883940052,5.59557272009446
0.21826352147359696,5.803403147454936
0.3762806600686148,3.8311744153421174
0.4797000396761081,3.3850013600487383
0.30678070546980585,1.1575641073660463
0.5144344099150994,0.3229242836812504
0.49507223991809635,0.11663402843721069
0.30043237526027144,3.3176683797256916
0.3956941651679359,4.877451491093501
0.7058703853697101,1.274023958105676
0.34600864036175294,5.686832854847789
0.8987205326778849,3.127928945993598
0.02529382497915067,1.1090799584600257
0.003076672474101816,0.11275562000044903
0.8098936973071625,4.027599960137865
0.06424561268602813,0.9953512217541894
0.28661905665778376,3.309146666505537
0.15933139926956386,0.32063531953885954
0.15959711925485098,5.295236096626842
0.6200457562662325,0.6047349112361955
0.19864766325766814,3.8829039334408844
0.47750425873910063,4.349707774280191
0.9493853782452423,4.4479853610314315
0.036173520893465705,3.1726299012876544
0.9276451794246358,5.248401261302684
0.9078467540087344,5.107609016692614
0.13934101495618778,2.0824478872043124
0.6688271159107969,3.6981062566469722
0.4127566507177972,3.5436528975285055
0.17091333086182114,5.444018009090324
0.6685357251934885,4.175803604842386
0.0430316614485744,4.58411102552221
0.3332391728678963,2.4354017831158115
0.530423549227516,1.0307817170286235
0.2865148239281775,4.3868172102564
0.5322280984740417,4.16290114781113
0.01815968089479425,4.093842261090528
0.04756073199003574,2.3534009922745813
0.23107852689370534,0.8080585831580508
0.30889150539956267,5.692844539909709
0.7261080372797212,0.6942965800901594
0.6762835570357881,1.0221701680758248
0.07621035218839944,5.978134042105283
0.29536561881916945,3.47604121596047
0.40490885063949456,5.209415006994328
0.564309545171899,3.6409231958553665
0.40998871617957366,4.429846318111731
0.5318543772083733,5.298353932836861
0.9624420231840755,1.2006082472008386
0.6489658703883566,4.459798612807037
0.27177363120950715,3.602661728180693
0.6024560000613133,2.9196763744878584
0.5027202675765298,0.3018159710873012
0.04678797452643968,0.6448966261539704
0.8135441257099678,4.577657561017499
0.7033821089269545,4.009714872720653
0.18386399199471792,4.284459608792173
0.5137399362910187,1.7519875163869831
0.13557558085293786,5.6601968135014715
0.9726269110468142,4.19279504780892
0.8466916931694498,0.8442678316010485
0.3112675869576974,1.981304446302122
0.37707747796852775,3.4867875737729594
0.8500744754048803,0.8497391876070203
0.5553326972879461,5.18526297227581
0.9548737368571737,4.746981331566994
0.3383750998261269,2.566910071064751
0.8945219597745898,4.478026991475598
0.18888518229969598,2.4674013344275756
0.6673056794364316,2.014802396451701
0.7380401227232712,3.4785257662072757
0.834949044688177,1.8241048879082933
0.1547148866838155,6.002227693456967
0.46337935165124167,1.5645879230050765
0.8593211344631466,5.082376142316836
0.3088822146051561,0.037503696500864846
0.9242291957952546,6.026436578257467
0.2383380981297153,0.2862832943797432
0.06250986294710481,3.09086126235622
0.552006774188023,5.931384050775227
0.7441464282815291,0.6621809215622588
0.7956903014256222,2.191211092925579
0.5185682335345079,3.676683932131064
0.22542654350762714,1.4897322443877987
0.9120684583415847,5.246142820811998
0.3769212849200194,5.525962698498574
0.17017022043331675,0.7738978336344455
0.63438252968105,2.821396475940952
0.9014828741472477,1.9945457154718018
0.2420393226116634,5.08133338839093
0.8864797897797639,2.163656084319412
0.47438471991669817,2.1008881151571495
0.2810005061102018,5.067303313142934
0.6767660625511681,5.435079036224794
0.8880484731452889,4.421372166199391
0.29054686569391275,3.3752458107824825
0.5796920498428132,0.5660920275219951
0.234255962729918,3.9144749210403114
0.32083114197369433,1.9635286318889635
0.14102711437927828,3.332435811433167
0.33251027084238627,4.7743128753648625
0.7132702286722735,3.825941970783236
0.4656930103287009,5.663299523123258
0.32433090351904714,1.0178946405110874
0.6180234717561723,4.786434837364407
0.056709662608838696,4.61642629645603
0.698204240952222,3.5659372122814377
0.4132934378697988,0.9289705303510433
0.9871350924003145,0.11672491304401171
0.6909386372564288,0.23378301491080125
0.6709482007452454,2.7683013719757557
0.9707206471407799,3.410866083245232
0.3268626427583047,2.556632810406388
0.8334690478969488,4.805804232136248
0.9198633207290491,5.068617752682488
0.5095495255434962,0.1107817315853951
0.02016733189785258,6.066022407215965
0.3593463296060341,3.4633764976050703
0.37092995066555123,3.3355703222819586
0.49939178484964586,4.928767428743346
0.21363988600269646,2.6094316657542476
0.35460690472068623,4.226536751550566
0.04973912033101513,5.232259238176119
0.7734230666766299,3.2675059009184633
0.03283291375430075,1.605222029650842
0.8449109981256077,3.369021363535119
0.9533444633604468,4.089860171025054
0.7471523097146122,1.824932749573733
0.09572574286834679,5.773951696945153
0.19236968085377626,5.379699431935486
0.25231924782773585,2.2819905816575874
0.35337364962109263,5.944207407280203
0.745770429555876,3.085787963086019
0.5236599463034863,4.8631769682005945
0.5473516661979044,4.7439121998313505
0.865916000150767,3.244884132218143
0.24999373127754254,5.531749056752226
0.35660473916402624,5.172976810965942
0.25367071513591544,2.3939605289601493
0.40518974533822627,2.9972592593306193
0.9297315590374023,4.287270068252422
0.35305181741910185,5.441736792884447
0.9307585213267983,0.03662258436313707
0.4600355887454507,0.8029802580030225
0.03573618015863789,1.6758905477313124
0.3404575315577544,0.5482768755931505
0.6161161962213914,1.3237297131515822
0.9901952374416352,5.305454655379257
0.9595068200513313,3.3734942982801925
0.8097894405599789,5.300907739785753
0.6317332387484701,3.357334628868238
0.8212227141695,2.8972784602571524
0.710930109544797,4.201048034523492
0.7311289434326326,3.2312669419441833
0.4945402590042548,1.9680956496080118
0.9521078782825642,3.3234001184189568
0.2479497470637232,4.717086147856285
0.9188385259824745,4.6791897537005065
0.4423035693492574,4.4804416251855725
0.6036599563807189,5.767018166012442
0.19255881343285486,4.090841806413851
0.5054354966903116,5.1214369556683295
0.6366819396812894,1.1456030974807248
0.31951017646560553,5.022984529396547
0.824048587807983,2.7085879818671725
0.13216331053748598,3.3020084984837177
0.5012261733820288,4.374727485104762
0.042585904399287444,0.6906325971518982
0.020553942734098607,4.204961880830636
0.9240784168042032,4.492104365747434
0.3907033307706045,3.509176544891624
0.4210585152910399,4.64341499909843
0.8538980149483066,1.254861551342662
0.7816954576523087,0.4839259554643244
0.00046409934607072323,5.0619423262373875
0.39175534130516276,5.03748266046374
0.4942629526033674,5.698783178042401
0.8032285631781788,0.27533647238820746
0.5565803157528846,1.7517234803014599
0.861985585994524,5.079787091877335
0.7761545143466763,1.118382647245919
0.4269053256184103,0.591689168333095
0.7639312658360681,1.2627197303042836
0.825807663184861,4.252718922613153
0.6489699532819746,4.847797244412847
0.032082135963765857,0.2529133131036865
0.11787079757960084,4.765503499775773
0.005389458207162967,0.5393566324836069
0.850952126158836,4.269025138012104
0.7699817122726302,2.314999566198099
0.6515069432564936,4.299944908292601
0.49243119969340154,2.5306608997800293
0.5397757344472,4.554287155624599
0.7277174617237034,1.0230659980033472
0.05421707543317944,4.499791478464355
0.3610169626296441,3.666339779668746
0.060269989195388174,3.1210513133223126
0.3884242450763734,0.7269996076236258
0.7968671090284078,5.140806620177788
0.7574546139876831,1.5822027175241355
0.12879265156840058,6.244724454002074
0.9672354377786961,4.273162014521961
0.39456717143251496,3.1469853247466855
0.8527971052837696,4.3839891340300285
0.9673014304704113,4.938348708319202
0.20486621400452343,5.894613269446465
0.4593108898364381,3.15865359093258
0.8175848905898928,0.39437498366423723
0.21938384883604323,2.5428833371821833
0.30638888578878065,1.707978515397393
0.6694926739437043,1.6011710429540464
0.9649962851398108,4.212722612808087
0.48450248161027265,2.690369677069482
0.5628621931367214,2.3427967207826454
0.3776234516948388,4.419827597576388
0.06840634144799851,3.578584743306808
0.1244204644741389,4.4292186488424585
0.15588613948210905,2.4445493211901326
0.31384164089617916,0.0078018494999177335
0.7268926829751973,2.603253655917419
0.5797157281975965,3.0885834517310253
0.7154058108339363,2.709230910459018
0.23466013268634145,4.009034232275159
0.08049754818065047,0.4303933968396407
0.7047182532905518,1.4078431774194309
0.7937832154077784,0.2291981533396233
0.20715702395341828,3.6091758009383224
0.9879533500523876,3.8243264689522296
0.5860866905209516,2.421603442758302
0.5400037107412479,5.1872433432655365
0.13749857723508097,2.3876543654096283
0.3302972482998924,3.7598486490748204
0.13621236587439334,3.7555588780801634
0.733276934786864,3.9108849020045375
0.4968724649275912,1.87838825484387
0.3425640802514138,1.534360852408215
0.8544904484619373,0.3433147530196029
0.010860098256416872,5.6924138072930495
0.9986633164339266,0.6233720777210312
0.4810815786578594,1.6658701125860014
0.15795564335108137,4.616144237390336
0.3883215870545206,5.002750141597131
0.866551007951628,4.045051139780389
0.37786562922789113,1.2045816437543264
0.012081615933208334,4.94190589049526
0.22069992629086654,4.6998778725471
0.10903091794117048,4.504201238962968
0.48428017312222416,3.065214590424466
0.37833176522467704,4.066259558284524
0.8268570755548714,6.099029766471216
0.9636389794657786,6.153119287182663
0.381935852764237,1.7541281997008888
0.9483771202680031,1.6873394939399275
0.5493868442420563,2.903450951993986
0.0725756060838667,2.5193759514773695
0.6230733587846458,4.835126916147068
0.09746274455433712,5.380171809453162
0.5248522851475697,2.4595164978871815
0.6707851130337902,3.373912362920856
0.5749620563339362,3.976251380165663
0.8558540614184487,5.87810342262672
0.006136093784766539,1.6653151665041583
0.13321789194269862,5.7231568380773785
0.7358221400376391,3.94152446508994
0.535389698936768,3.6945897647456967
0.721551945837795,0.6535165935808049
0.8935761172529237,0.020540794409454492
0.44673535223226923,1.8087659900709097
0.7767822953434868,3.656118821378614
0.9760038164694331,1.9069205093319048
0.9724366461452255,0.7900193904658533
0.32459533839478927,2.751200651037373
0.5428635671250728,1.2504750758096026
0.6053752153975754,5.20926828747276
0.49272417290675263,2.060921927498508
0.031168764709581187,5.490850057439152
0.5163001656358753,1.8070703024050214
0.929918932108116,4.037584701928571
0.48824392862347155,0.4829322169123149
0.023862064080554912,5.960652724138156
0.5204535499230342,2.7619130423638873
0.3660086767079782,2.2307325401908975
0.8246336248033523,1.7940562895789158
0.8595472601489547,3.3807237478692342
0.09856721449575856,3.882811485983773
0.10367280665332856,2.2652415199121734
0.7469890473208333,2.781017309630505
0.28262612937968723,2.7515679486310107
0.4367133443364134,6.156005581949424
0.006103439225526808,4.360841398212811
0.07680671913620696,2.6221772450886682
0.646556825521831,2.452249434060608
0.2453816465839338,4.521059751574249
0.431640840741906,5.5540732328723355
0.08102270414699564,3.5142016075289586
0.8415900972448306,5.825304298259296
0.2754960967598292,4.659496244107861
0.460232724839708,6.088415012324647
0.5218853981562811,2.4286818803729093
0.9366777613355752,0.8777454570276837
0.24858429517843283,5.9306121756242245
0.7408321264213179,1.768718789598126
0.40256969193609726,3.366101022064442
0.5722432624220838,5.526506393520552
0.3957285338535994,0.22195644775549433
0.36660620257710075,4.657526003457261
0.5738993069057127,1.449504388287951
0.317712959019978,1.5835136636216223
0.6665636535970018,3.492406292485476
0.49610633773042534,2.7831812181635067
0.637443045749864,5.376270339676188
0.5250769336766288,2.500618647247391
0.51140464461722,4.230918334950548
0.2760399129878969,1.4373564857198464
0.4543926772546508,5.677030722867144
0.3918137268481411,4.613243653101936
0.45420426752839516,3.116438589094395
0.03146843783922093,5.632396728571705
0.2668014299160797,4.779881029713998
0.5900032834433332,4.3475771706485675
0.7902225230948456,2.04287464633098
0.4673622178454364,0.03528257414313937
0.45919427763960263,4.448622959601842
0.6364045755456309,6.015901901946066
0.6223209353713673,4.777640493909382
0.4050438332999109,5.734379355785075
0.9632706316639494,0.9944387484124463
0.34264309923556013,1.3199737652239159
0.18883461901834397,5.316852751152765
0.9216762528458594,5.393905527180926
0.49126161837564664,2.0471355136789406
0.5648280944774006,4.925897332655423
0.15357440080077844,3.0019175780786274
0.561726144542929,1.799358890649954
0.1230928316970138,6.151155899170263
0.2311004242391267,4.745354558254681
0.2070066959719592,4.098933447111424
0.9242328026185783,2.0849581171034797
0.0472624349587647,1.3818802002602935
0.6791962086584552,4.308714503885461
0.8224508307159346,4.205833780848232
0.5924986651887778,5.207968932838178
0.6196371184847654,0.41550167624333534
0.8640933744298938,5.276361343485676
0.9006970555518237,4.8136824644058605
0.765063880502097,5.753816773653956
0.7150257639905105,2.1329237261731557
0.32495232710325694,3.608228049783578
0.20216515741803276,5.3393177717337235
0.4549339682645671,1.0222524811365248
0.4490887169051275,4.555753837535884
0.18604779939485228,3.2983377953512703
0.9782453236156536,5.5070147290497395
0.5128744966790619,2.5144467176329743
0.329873382206054,4.629237500868053
0.874931976722429,5.64721043588737
0.24058200376194283,3.582858742210519
0.5096563521937435,2.6813085055622152
0.855621402081035,4.406586016679505
0.8849827595966937,0.7928377913879835
0.45112645368058013,2.0609015800929513
0.7808478175567319,6.005778374627256
0.32287774517461254,5.8505163272532155
0.7202909573073476,2.697283423334438
0.8519974126361056,4.378139000641913
0.08380208726272331,3.361723116977684
0.04724776780283391,2.214453496732903
0.16945125701401298,1.9319211454324952
0.24428077715127972,0.8242824256370355
0.4706912658249638,2.3050760557260515
0.791181303707836,3.259244236992506
0.5266081366746077,3.809277270378541
0.0014508970134790022,1.0353919825160527
0.5221663624876969,1.893027461837608
0.5763318137567706,5.245338393031577
0.8360701019640615,1.0745311915146174
0.6773512546883541,0.9772900153336821
0.2960261061239158,4.7789655300049745
0.5741774128409609,1.0594817460010366
0.6882237211350748,3.5649112340465
0.8161533685396252,3.3143487656351667
0.2729510130383762,4.198880444580387
0.9888910037745345,3.5593106807224193
0.041370049716672574,2.8745056561468902
0.4891402176934555,5.72697670356253
0.45525401296116197,0.4265551472632384
0.29318200729640187,3.9205328147385017
0.8879463240576569,1.9231928292773128
0.14521304079401076,2.720017060186895
0.9310057919739979,1.5744874510731797
0.5845220963796454,6.17984967365504
0.36542168886733317,5.12843182068484
0.9232512321764939,1.9461902684383792
0.264029096658155,3.369077211273344
0.13380539825429527,3.470338898738245
0.8733486615703623,2.351595765688817
0.18767884639912813,4.0226441348190916
0.1546045689841835,3.102592659906988
0.29190544862589085,2.756006580733456
0.08466001936599432,5.613996924000406
0.26574975309147375,3.5293315285444105
0.0770911880205738,0.22297021218634813
0.7580452337819036,2.273406677632197
0.20855048980952084,5.8102893990156534
0.0019600899665854765,5.339286555792321
0.12426860475447876,2.85817502241997
0.5358352311345513,5.38258794269873
0.5020614235745056,4.277311968492167
0.27730893256962463,1.6295438676956049
0.9053516819045844,3.0300941469424845
0.00307378126426483,1.0424170618889148
0.24504724668648792,3.6682150692345474
0.2252883137464563,4.424117630414274
0.19973318490873282,0.44258482663353815
0.7123917349059055,2.4356843956340777
0.506325504789247,4.057362272621963
0.303226779520978,1.9114952544678505
0.06970434959032956,0.4750643040340605
0.9443190197912138,1.6041170251062966
0.551196803401617,2.0610078738451754
0.17241572045635967,2.04359030674789
0.08022642761173793,5.6489767803862705
0.7099687278677805,3.34879167841483
0.21338718520428301,3.1311262425767334
0.2846389677457535,6.038872167006194
0.7052470644116119,5.684281360260864
0.8773366329591531,2.7326597010532754
0.8046165961378804,5.013101043175673
0.14146451782698932,0.5774684672438525
0.8228896980421134,0.17929888058295
0.30210699957185483,1.2457717492222797
0.9167211379900071,5.097225678181167
0.3775063804380002,5.265948593547193
0.0024357121069950027,1.3840921797923098
0.6656587036012368,2.7272542829045894
0.10113306785594112,5.559511906090943
0.37702924721835374,6.104545316418712
0.3004074638691524,5.100215304280453
0.3285533784524912,3.8002718027964946
0.9698535600630157,5.901844529170307
0.6393819965287059,4.705204808464254
0.8539944455033986,2.0917125119401505
0.6061292276580665,1.9699375860095334
0.1559835382307846,4.690290472013071
0.3438810420319278,1.51025656994916
0.48535073908487736,3.321506771223004
0.6041181758421893,2.73737388211812
0.28324822468229227,1.2214922606260312
0.06688777685442193,1.7170170551522672
0.16264953060996534,5.084175596654845
0.7482694749787668,5.026293827067576
0.9424696447719515,5.7557032235676395
0.873872056545207,6.220716814174911
0.5311249575126638,5.771121757350525
0.5295339054928218,5.817100999399689
0.4794654617925451,2.469466233899207
0.8642493490585731,0.2290776234188772
0.3191475083138966,0.8340586047556983
0.7538127444171381,3.342895606224339
0.42685196732407227,6.176237194453868
0.669810524001388,3.5260885395672332
0.2047932660749917,5.5527830424351565
0.8008854012791806,5.032973336080392
0.47986324335992614,3.264543598771023
0.3825829510248009,2.110903823149434
0.8694149994039609,5.321932790284033
0.4340234393692627,4.106550953771828
0.3411131410062346,4.11773730350334
0.3519436028815818,3.50205824478147
0.680548310678203,2.2471040560452167
0.36417181394543074,0.32978019781661866
0.4796005145719835,2.9757418117524077
0.8442497741779901,3.3327798496827863
0.28954902577430963,2.5104201061156592
0.6131414639884556,5.634134455226582
0.8900062418572935,0.5044338793789895
0.621317204680874,3.568686458882218
0.532925349618198,3.621178390450274
0.0568776661589383,5.367266596233534
0.24396312531957887,4.406460303666448
0.9544552666005853,5.55951043707834
0.938260068607427,0.3157346813627113
0.14874394077267927,6.030254447428626
0.4837299303334628,2.6947198197485744
0.8134004428862106,5.859067145123753
0.21789048189267368,1.4825498168863267
0.7253282330704639,3.199787374295357
0.006306486952010082,2.5029394165825827
0.10438796973952669,0.2535008672767708
0.7374344598527898,4.908185254298142
0.8046947980085387,2.166080317229961
0.8048572879918213,0.3878783773131813
0.787039657886849,1.3121255950388448
0.3265625042198965,2.801836169618234
0.9529768501947886,4.415507675546529
0.3701181114133324,2.8454097258226847
0.7720547616891665,2.6690834915401718
0.4268991647020146,4.430306139895578
0.746454113884898,4.016911546758805
0.952830741450024,0.508207241258197
0.9067735167271915,3.7150426161356385
0.9213791587488405,3.1742874571974258
0.18409053575886292,0.5050512498189385
0.463315957407623,1.0638082704126313
0.5559587348537901,5.708024632047358
0.9390884591577904,3.2677552939478915
0.9304207849604529,3.808267349224421
0.7969905200131193,6.054226306184648
0.19830590023485517,2.5244399509267783
0.7163510418838571,5.19516315841269
0.5060356033206098,1.7417420758659676
0.8807249867206363,0.22778512963553282
0.6542281150123131,0.4285475931601545
0.2554594508155966,6.173637036508832
0.8448531348331332,0.177278414794873
0.808204385725302,2.1920556364103976
0.15174223630014116,4.9863426228529315
0.6994677143107667,1.689004462138772
0.8998931957582704,3.8642078249545935
0.23212524918003086,1.0300182031732208
0.2119609914791437,4.674510010967238
0.272773020695374,2.7994228385254982
0.02806740000323804,4.5512317847259025
0.8241650246437419,1.4948378334006622
0.7104433290036134,2.346368437922287
0.08980941691290978,5.380047690720958
0.619838587964427,2.467690366179375
0.12050482174143806,3.8359147251934664
0.6455825812552952,4.5462441474166715
0.7640180799204686,0.5241871349771081
0.3512467660465508,3.759881458468935
0.8056155282893313,2.7285991499708753
0.3112960546823479,1.1759531272570398
0.5172305007091648,2.4301706805120995
0.6991291082211155,5.380013893507075
0.07577156397604345,1.550845107556219
0.7872690394515455,5.989018493702765
0.2444796606021653,5.107692124775106
0.6010165384475248,6.17659426218732
0.6981464356643575,5.576193225722787
0.49229637801051995,3.2371452584948504
0.4997150804903936,4.954562058295374
0.20051823902279597,4.80753774694966
0.39509309592649977,3.8545030670277276
0.10679114203851447,3.0604136190601503
0.23001974293234506,2.1308449175680355
0.537884708443195,1.668841215822439
0.14859581021425072,6.271021465037411
0.7799164840759123,5.57030229413308
0.11333739529784315,2.1591492659771188
0.5467825732300663,4.096729194318632
0.24825964200896156,0.9061456237344694
0.1187361216759395,2.764442242690457
0.2654329829137856,0.5289048727984578
0.49191510831009355,1.957478887632284
0.13001289082789358,4.800054527726832
0.9329244361130327,4.909560984779997
0.008671095065210244,0.7909351179223817
0.33267964293712504,1.915066425082045
0.49550104885515034,3.785765798836338
0.15817876910809558,0.320537208402944
0.5022328054440692,1.8703154145775347
0.047846541219274896,2.1862935016924276
0.8972851732704954,3.812627405570237
0.5257233341498392,0.9204501951008603
0.24732389843190217,0.9926440174683963
0.4860240234114198,2.193618244556787
0.17878749628573076,0.6982417633071937
0.3162993319891888,5.676703724303933
0.0030681330729657175,4.313609724761743
0.8271506405345892,3.3192676082440555
0.5598648494796363,5.342530817886189
0.45062846848561333,5.159358221905325
0.5524494441645649,2.8243428387967007
0.657189864545123,0.7346300401799225
0.24213231326873375,1.518965119736962
0.5612049930509133,0.020418189878331862
0.538535643008962,4.510032860550328
0.46066447631091656,2.757339638965282
0.9664842669818842,4.663193430041099
0.7674234055241436,1.612183428246164
0.6999309174572662,1.259596394950836
0.2909236990352857,6.272962502759121
0.8928077123939322,5.33990184895569
0.021210929234924847,5.048236446720174
0.6955157753627647,6.091561802109049
0.9807889871617022,1.3512311921740467
0.38537253682867667,6.122264549076123
0.5890716475028037,5.822696999382635
0.5268128792758874,2.2633156528923393
0.15715938942438912,2.673060973020566
0.3673190875544382,1.69860463888702
0.7780255932418451,1.0306571176415709
0.1814495091795736,5.25150572484495
0.24302800185084317,5.811255893317228
0.48815353895608793,0.08800693017238218
0.3623425390087637,1.2130792080080248
0.7842449796214991,3.079113533089371
0.2437004186867856,4.25083716863106
0.09455377278101373,3.733447030299714
0.8419973109889936,4.136365238236582
0.23043107572091426,3.1545738942109667
0.5678502228332724,5.560439413548219
0.757828181491299,1.9923168047814097
0.23123716163267483,4.6956554065990215
0.17187388494451417,4.977869141639935
0.07797865883975941,1.4883757778660862
0.1257808131462328,0.07047063196942312
0.5253739323123872,3.1250207495898636
0.5095499676688362,5.580928188886257
0.1395344420161171,0.6000032426444338
0.18557569154354725,0.5925213928983536
0.18570687765198857,3.5612248916381235
0.4870084337723135,2.863920434672194
0.5784365994803954,3.642790208595037
0.4902276653451012,2.4979952519903525
0.004714434540747825,2.093931124582233
0.24189864325766253,2.8317432914180385
0.4554068537231942,5.977368734067334
0.7018600238574556,1.8665962660302187
0.9288960951295598,5.912741508080423
0.5736985503939505,3.681085129742663
0.12263318204352758,2.5860267767947738
0.1400907334973247,4.3601047410142435
0.8345750415403829,2.203992686443089
0.5108799615738281,4.705814612380881
0.6780694988291002,5.978383787032788
0.15755555709064606,1.4962071831190276
0.7096686829419859,2.354239959613599
0.0618038811657865,0.9039316410195014
0.7175381052012708,1.516786648923684
0.5172916271054816,4.385858581517731
0.14706026832202723,1.621305495627632
0.2909985512103749,1.7332527068079946
0.2527793989155065,0.20422735021723967
0.7767170850121966,6.278967668114226
0.8303944542968544,3.623513100626082
0.42707223192120713,5.563676175932385
0.7064580450550133,5.4304885576491415
0.1176972408844289,1.246697096738543
0.7253603092381161,1.6097776615626032
0.7742170794918496,4.252551525711827
0.9439027602653776,4.48440963898134
0.4452673949675735,4.068601392736993
0.3158087357134671,3.7970405492326913
0.3934317513927993,1.1615648520389046
0.7464171530648451,4.04308850329161
0.8316588006995047,1.1582784973093123
0.7534040925294023,1.2078822924101593
0.09492935650226142,0.07917501958273569
0.4602349875902333,5.537228046370442
0.1445948447935108,3.0063907159814787
0.9523503354874375,3.4248278910606156
0.35210017896070367,1.5164119656755723
0.475999946334841,4.435307424439286
0.1359677200463979,3.547673570405729
0.5694965479536127,3.1006387177384926
0.886900172411485,1.7264075780563244
0.4410064354579164,0.4374822369980675
0.30634080138775377,1.4158072616371618
0.575936281576827,4.5788324193164165
0.446408366283784,4.267544098311658
0.9924983349220955,0.35242001297740416
0.03006145137724303,4.835073628116399
0.7650178530518275,0.435030703864389
0.3122408907085127,5.811115566852896
0.4815562158226261,2.8804679394925943
0.44117053441251497,1.5611642960677539
0.2576571100726951,2.2209884506847453
0.33791894462107597,4.719362854457529
0.013774243292212884,1.1527710761884513
0.1210898309207501,2.033136605846621
0.4771994065900269,3.0182568054279693
0.04122157794294856,0.6161762645391153
0.6935185954282758,2.3312248567716543
0.8420531695696216,1.3258643351202728
0.05962734162922434,3.755871279621776
0.9467839441422662,4.24325837133178
0.3257873736198539,3.4926780448869317
0.4193733120517632,5.785096925106344
0.16778399828886104,3.4450717689061943
0.8549112333198238,1.1200502578684033
0.38291666656730783,3.5210251301772644
0.9742055175839072,2.4250088647088823
0.8208746302637892,0.8684730332903431
0.7074075472800935,4.0488519372191645
0.22911074389932862,3.9870998124397685
0.2382629675118919,5.214502208377918
0.700220725583147,4.765028240803316
0.4844537109508724,3.7657308374497642
0.188084608508283,2.480786888635492
0.12992686519721164,0.995826332443148
0.4248346503176671,4.428100732872438
0.7222202824699091,5.666547854070491
0.37484840375777084,1.962955078400247
0.3513605749482309,2.152263005040521
0.946646899411358,2.373864550037228
0.428033240574645,2.933011660632717
0.17697329016167163,6.228180932437733
0.9836642026929618,3.253647415127072
0.41028499150528475,0.04897816626673466
0.29142244504725223,5.568820163188078
0.9922669952921416,0.06354875228586741
0.040446956220294816,0.18051757640885616
0.7290704190652028,6.167288153885037
0.6298562981909673,2.647948581013284
0.6874949302765461,1.2471119155740906
0.03614581384887339,2.6274391113028854
0.7924649005514738,5.493122871152601
0.9045266875637882,3.303146586264058
0.7024235268374743,0.08836293234125125
0.3344438229289559,6.021314606466262
0.14504454844792802,2.2484715786074223
0.9385292039380727,0.17183699191649712
0.1390835715893426,5.260116482380276
0.40636308027770907,1.7861110570289278
0.749963297586977,4.482830251652013
0.6877762422496337,0.4758018695370783
0.45580007826450064,6.041783732673896
0.9393075974530695,3.4829415398611583
0.8891391449761369,3.524255766655812
0.6858276782188405,2.8713287914147294
0.8758911762159663,5.7735464466551765
0.5055206309683947,0.2542836330197768
0.98394644639907,1.3694205515600455
0.15980487098551877,1.8314684173807694
0.8625975684224325,5.545756366663521
0.03065738644665239,1.1264951941644317
0.6093648949202439,2.8593710661485554
0.393632487484432,3.8062286569652386
0.8571125843212368,3.5820994981314254
0.21442374352726834,5.052543964093429
0.4785014281400073,0.7235668610304039
0.4140423078137795,1.0701127845589025
0.2628874904500009,5.87978127504738
0.4910750189554348,2.2837845556017053
0.5805341577647177,0.43904557000128186
0.06824386845518937,3.1203658568748294
0.1994287102011002,1.4568666205998693
0.6417162967108901,5.537401118445319
0.42632598692818546,3.6676369619286713
0.8159322987168622,4.411867859617426
0.2459518246878981,0.9290361333667331
0.6714139518438158,5.352429381933779
0.5652538595520654,4.890364587355935
0.17866771763289158,2.955001803380014
0.4637006881216327,2.730419894569112
